{"cameraMode":{"drawMode":0,"name":"Shaded","section":"Shading Mode"},"sceneLighting":true,"audioPlay":false,"sceneViewState":{"m_AlwaysRefresh":false,"showFog":true,"showSkybox":true,"showFlares":true,"showImageEffects":true,"showParticleSystems":true,"showVisualEffectGraphs":true,"m_FxEnabled":true},"in2DMode":false,"pivot":{"x":-13.000438690185547,"y":22.446741104125978,"z":135.01109313964845},"rotation":{"x":0.35759201645851138,"y":-0.6176696419715881,"z":0.3722657561302185,"w":0.5933235883712769},"size":402.0555419921875,"orthographic":false}